subsidy_year,Education,Care
2016,89996152.35,150378.0
2017,56681088.31,13410656.0
2018,77785801.07,39537529.87
2019,100704701.79,48819946.79
2020,107875559.18,42538817.81
2021,76531667.73,150891814.22
2022,84120701.17,163390223.77
2023,83433223.63,252111339.98
2024,85727235.5,195532878.56
2025,85897098.09,236455327.67
2026,85800578.22108597,203902107.1826053
2027,85826119.41700888,232817477.34201467
2028,85819360.67710887,207133424.61428475
